term,mi
jesu,0.06458
christ,0.03677
allah,0.01935
discipl,0.01802
lord,0.01607
ye,0.01301
israel,0.01286
faith,0.01267
paul,0.01185
peter,0.01145
