term,mi
allah,0.08711
jesu,0.04087
israel,0.03613
lord,0.03118
thi,0.02951
king,0.02918
thou,0.02269
christ,0.0205
thee,0.01886
believ,0.01733
