term,mi
allah,0.15319
thou,0.03932
thi,0.03126
ye,0.02849
thee,0.02821
god,0.02498
man,0.01955
king,0.01929
hath,0.01904
punish,0.01801
